Age,Gender,Education,Scuba,Rec_fish,Spearfishing,Sailing,Snorkeling_freediving,Boating,Jetski,Kite_surfing,kayak,main_activity,main_activity_trim,visit_freq,habitat_1,habitat_2,habitat_3,seagrass_image,coral_image,seafood_ben,recr_fish_ben,biodiversity_ben,water_ben,beach_ben,cc_ben,her_ben,coast_ben,iconic_ben,sci_ben,edu_ben,seafood_cor,recr_fish_cor,biodiversity_cor,water_cor,beach_cor,cc_cor,her_cor,coast_cor,iconic_cor,sci_cor,edu_cor,seafood_sea,recr_fish_sea,biodiversity_sea,water_sea,beach_sea,cc_sea,her_sea,coast_sea,iconic_sea,sci_sea,edu_sea,wtp_cor,value1_cor,value5_cor,value10_cor,value50_cor,value100_cor,value500_cor,value1000_cor,min_cor,max_cor,wtp_sea,value1_sea,value5_sea,value10_sea,value50_sea,value100_sea,value500_sea,value1000_sea,min_sea,max_sea,cc_bel,threat_cor1,threat_cor2,threat_cor3,threat_sea1,threat_sea2,threat_sea3,cc_cor,cc_sea,p_d_cor,c_u_d_cor,r_f_cor,t_cor,d_cor,c_f_cor,c_t_cor,a_r_cor,i_a_cor,u_r_cor,p_d_sea,c_u_d_sea,r_f_sea,t_sea,d_sea,c_f_sea,c_t_sea,a_r_sea,i_a_sea,u_r_sea,sst_cor,o_a_cor,cyc_cor,w_q_cor,cots_cor,sst_sea,o_a_sea,cyc_sea,w_q_sea,cots_sea,soc_gbr,cul_gbr
45-54,M,Secondary Education,N,Y,N,N,N,Y,N,N,N,Boating,Boating,Every day,Green zone,Preservation area,NA,poor,good,3,5,4,4,5,1,1,3,3,1,1,4,5,4,5,3,2,2,5,3,2,2,4,5,4,5,3,2,2,5,4,2,2,N,NA,NA,NA,NA,NA,NA,NA,0,0,N,NA,NA,NA,NA,NA,NA,NA,0,0,0,Runoff,Trawler nets,Plastic ,Trawler nets,NA,NA,no_threat,no_threat,4,4,1,3,4,3,3,5,2,4,4,4,1,3,5,5,5,5,2,4,4,3,4,4,5,4,3,4,4,2,3,3
35-44,F,Secondary Education,N,N,N,N,N,Y,N,N,N,Boating,Boating,Few times a year,Fish,Coral ,Sharkes,very_good,very_poor,4,3,5,5,5,4,2,2,4,4,4,3,2,3,4,1,5,NA,1,2,4,5,5,3,3,1,1,3,NA,1,2,4,5,Y,NA,NA,NA,NA,NA,$500,"$1,000",500,1000,N,NA,NA,NA,NA,NA,NA,NA,0,0,63,Temperature ,Fishing,NA,NA,NA,NA,immediate,far_away,1,3,4,4,5,5,5,3,3,3,NA,NA,NA,NA,NA,NA,NA,NA,NA,NA,4,4,1,2,NA,5,4,1,2,NA,4,3
25-34,M,Secondary Education,N,Y,N,N,N,N,N,N,N,Rec_fish,Rec_fish,Less than once a year,Reef itself ,Colours of coral ,Beautiful fish,poor,good,4,4,3,3,3,5,5,NA,5,NA,5,NA,NA,NA,NA,NA,NA,NA,NA,NA,NA,NA,5,5,5,3,4,5,3,3,5,5,5,Y,NA,NA,NA,NA,$100,NA,NA,100,100,Y,NA,NA,NA,NA,$100,NA,NA,100,100,99,Coal ,Heated ocean ,No enough support ,Trailing ,Over fishing ,Temperature ,immediate,immediate,4,3,3,3,5,5,5,5,3,5,4,3,3,3,5,5,5,5,3,5,5,5,2,4,2,5,5,2,4,2,4,4
25-34,M,Bachelor's degree,Y,N,N,N,Y,N,N,N,N,Scuba,Scuba,Few times a year,Coral reefs,NA,NA,good,very_good,NA,NA,NA,NA,NA,NA,NA,NA,NA,NA,NA,NA,NA,NA,NA,NA,NA,NA,NA,NA,NA,NA,NA,NA,NA,NA,NA,NA,NA,NA,NA,NA,NA,NA,NA,NA,NA,NA,NA,NA,NA,0,0,NA,NA,NA,NA,NA,NA,NA,NA,0,0,NA,NA,NA,NA,NA,NA,NA,NA,NA,NA,NA,NA,NA,NA,NA,NA,NA,NA,NA,NA,NA,NA,NA,NA,NA,NA,NA,NA,NA,NA,NA,NA,NA,NA,NA,NA,NA,NA,NA,NA,NA
35-44,M,Diploma,Y,N,N,N,N,Y,N,N,N,Scuba,Scuba,About once a week,coral Reef ,Fish life,Green zones ,very_poor,very_poor,5,4,5,5,5,5,5,5,5,4,5,5,5,5,5,5,5,5,5,5,5,5,5,5,5,5,5,5,5,5,5,5,5,N,NA,NA,NA,NA,NA,NA,NA,0,0,N,NA,NA,NA,NA,NA,NA,NA,0,0,100,Commercial Fishing  ,Commercial waste  ,Farming chemicals ,Commercial Fishing,Commercial Waste,Farming Chemicals ,immediate,immediate,5,5,2,3,5,5,5,5,5,5,5,5,2,3,5,5,5,5,5,5,5,5,5,5,4,5,5,5,5,4,5,5
55-64,F,Diploma,Y,N,N,Y,Y,Y,N,N,N,Scuba,Scuba,Few times a year,Coral,Mangroves,Wrecks,poor,good,NA,NA,NA,NA,NA,NA,NA,NA,NA,NA,NA,NA,NA,NA,NA,NA,NA,NA,NA,NA,NA,NA,NA,NA,NA,NA,NA,NA,NA,NA,NA,NA,NA,NA,NA,NA,NA,NA,NA,NA,NA,0,0,NA,NA,NA,NA,NA,NA,NA,NA,0,0,NA,NA,NA,NA,NA,NA,NA,NA,NA,NA,NA,NA,NA,NA,NA,NA,NA,NA,NA,NA,NA,NA,NA,NA,NA,NA,NA,NA,NA,NA,NA,NA,NA,NA,NA,NA,NA,NA,NA,NA,NA
25-34,F,Bachelor's degree,N,N,N,Y,Y,N,N,N,N,Sailing,Sailing,Few times a year,Reef,Ocean,Island,good,very_poor,4,3,5,5,5,5,4,5,5,5,5,5,5,5,5,5,5,5,5,5,5,5,5,5,5,5,4,5,4,5,5,5,3,Y,NA,NA,NA,$50,NA,NA,"$1,000",50,1000,Y,NA,NA,$10,NA,NA,NA,"$1,000",10,1000,99,Coral bleaching,Crown of thorns,Over fishing,Threats to marine species,Climate change,Degradation of reef,immediate,immediate,4,3,2,2,5,5,5,5,4,4,5,3,2,2,5,5,5,5,4,4,5,5,5,4,5,3,4,4,5,2,5,4
18-24,F,Secondary Education,N,N,N,Y,N,N,N,N,N,Sailing,Sailing,Few times a year,NA,NA,NA,NA,NA,NA,NA,NA,NA,NA,NA,NA,NA,NA,NA,NA,NA,NA,NA,NA,NA,NA,NA,NA,NA,NA,NA,NA,NA,NA,NA,NA,NA,NA,NA,NA,NA,NA,NA,NA,NA,NA,NA,NA,NA,NA,0,0,NA,NA,NA,NA,NA,NA,NA,NA,0,0,NA,NA,NA,NA,NA,NA,NA,NA,NA,NA,NA,NA,NA,NA,NA,NA,NA,NA,NA,NA,NA,NA,NA,NA,NA,NA,NA,NA,NA,NA,NA,NA,NA,NA,NA,NA,NA,NA,NA,NA,NA
65+,M,Bachelor's degree,N,N,N,Y,N,N,N,N,N,Sailing,Sailing,NA,whitsunday islands,abbot point,great keppel isands,good,very_poor,2,2,4,5,2,2,1,2,5,4,4,4,2,5,5,1,2,1,5,4,4,3,4,2,4,4,1,2,1,5,5,4,3,Y,NA,NA,NA,$50,$100,NA,NA,50,100,Y,NA,NA,NA,$50,$100,NA,NA,50,100,84,coal transport,tourism development on shore,pollution,pollution,onshore tourist development,dredging,far_away,far_away,4,5,1,2,5,3,4,3,2,2,4,5,1,2,5,3,4,3,3,3,3,3,2,4,2,3,3,2,4,1,3,3
45-54,F,Secondary Education,N,N,N,N,Y,N,N,N,N,Snorkeling_freediving,Snorkeling_freediving,Once a year,Corals ,Islands ,Seagrass meadows ,poor,good,NA,NA,NA,NA,NA,NA,NA,NA,NA,NA,NA,NA,NA,NA,NA,NA,NA,NA,NA,NA,NA,NA,NA,NA,NA,NA,NA,NA,NA,NA,NA,NA,NA,NA,NA,NA,NA,NA,NA,NA,NA,0,0,NA,NA,NA,NA,NA,NA,NA,NA,0,0,NA,NA,NA,NA,NA,NA,NA,NA,NA,NA,NA,NA,NA,NA,NA,NA,NA,NA,NA,NA,NA,NA,NA,NA,NA,NA,NA,NA,NA,NA,NA,NA,NA,NA,NA,NA,NA,NA,NA,NA,NA
35-44,F,Secondary Education,N,Y,N,Y,Y,Y,N,N,N,Sailing,Sailing,Once a month,Mangroves,Coral reefs,Islands,good,very_good,3,5,5,4,5,1,2,2,5,3,2,5,5,5,4,1,4,1,2,4,4,3,3,4,5,4,2,4,1,5,5,4,3,Y,NA,NA,$10,NA,$100,NA,NA,10,100,N,NA,NA,NA,NA,NA,NA,NA,0,0,0,Cyclones,Over fishing,NA,Dredging ,NA,NA,far_away,no_threat,1,3,2,1,2,3,3,1,1,4,3,3,1,1,4,3,3,1,1,4,2,3,4,3,5,1,2,4,3,1,4,4
35-44,M,Master's degree,Y,N,N,N,N,N,N,Y,N,Scuba,Scuba,Once a month,Coral reef,Islands,Rainforest,very_poor,very_good,5,2,5,5,5,5,3,5,5,5,5,5,5,5,5,5,5,3,5,5,5,5,5,5,5,5,5,5,3,5,5,5,5,Y,NA,NA,NA,NA,$100,NA,"$1,000",100,1000,Y,NA,NA,NA,NA,$100,NA,"$1,000",100,1000,100,Ocean acidification,Sea temperature rise,More frequent severe storms ,Biodiversity loss,Development ,Ocean acidification,immediate,immediate,5,5,3,3,5,5,5,5,3,5,5,5,3,3,5,5,5,5,3,5,5,5,5,5,5,5,5,5,5,5,5,3
18-24,M,Secondary Education,Y,N,N,N,Y,N,N,N,N,Snorkeling_freediving,Snorkeling_freediving,Few times a year,Coral reef,Sand quay,NA,very_poor,good,1,1,5,3,3,5,3,3,5,5,5,2,3,5,4,2,4,1,3,5,5,5,2,3,4,2,1,3,1,2,5,5,3,Y,NA,NA,NA,NA,$100,NA,"$1,000",100,1000,Y,NA,NA,NA,NA,$100,NA,"$1,000",100,1000,100,Fishing nets + anchors,Overfishing,Climate change,Nets + anchors,Climate change,Storms,immediate,immediate,5,5,5,3,5,5,5,5,1,4,5,5,5,2,5,5,5,5,1,4,5,5,5,4,2,5,5,5,3,1,4,2
18-24,F,Secondary Education,Y,Y,N,N,Y,Y,N,N,N,Rec_fish,Rec_fish,About once a week,Coral reef ,Substratum (sand),Blue holes,very_poor,good,3,3,5,4,4,5,5,5,5,5,5,4,4,5,3,1,2,5,5,3,5,5,1,1,2,3,1,5,1,1,4,2,2,Y,NA,NA,NA,NA,$100,NA,"$1,000",100,1000,Y,NA,NA,NA,$50,NA,NA,"$1,000",50,1000,100,Overfishing,Rise in temperature,Anchors from boats,Clearing for anthropogenic structures,dugongs eat all the grass,sedimentation,immediate,no_opinion,2,2,4,5,5,4,4,5,3,5,5,4,2,1,5,1,1,5,3,5,5,5,5,4,5,1,3,2,1,1,5,4
18-24,F,Bachelor's degree,Y,N,N,Y,Y,N,N,N,N,Sailing,Sailing,Once a year,Coral reef,Sandy Beaches,Open ocean,poor,very_good,1,1,5,5,4,5,5,4,5,4,5,5,1,5,3,2,5,2,5,5,3,3,5,1,5,2,4,5,1,1,4,3,3,Y,NA,NA,$10,NA,$100,NA,NA,10,100,Y,NA,$5,NA,$50,NA,NA,NA,5,50,100,Global warming,Toursim,Pollution,Bottom trawling,Climate change,Tourism,immediate,immediate,4,2,3,4,5,5,5,2,2,3,5,2,2,3,5,3,5,4,3,4,5,4,4,3,2,4,4,5,3,1,5,5
18-24,M,Secondary Education,Y,Y,Y,Y,Y,Y,N,N,N,Scuba,Scuba,Once a month,Coral reef,Sand Flat,Rocky bottoms,good,very_good,4,5,5,5,4,4,4,4,5,4,4,5,5,5,5,4,4,5,4,5,5,5,5,3,3,4,3,4,3,4,5,3,4,Y,NA,NA,NA,$50,NA,$500,NA,50,500,Y,NA,NA,NA,$50,$100,NA,NA,50,100,95,Temperature increase,Sea level rise,extinction of key species,Fishing nets damaging the bottom,high sedimentation,run-off of chemicals from rivers,immediate,immediate,4,4,5,5,5,5,5,4,3,2,5,5,3,2,5,4,5,5,3,3,5,5,5,5,5,3,3,4,4,1,5,5
18-24,M,Bachelor's degree,Y,N,N,N,Y,N,N,N,N,Snorkeling_freediving,Snorkeling_freediving,Once a month,Reef flat,Shelves,NA,poor,very_good,5,1,5,5,5,5,5,5,5,5,5,5,5,5,4,4,5,3,3,5,5,5,5,5,5,4,5,5,3,3,5,5,5,Y,NA,NA,NA,NA,$100,NA,"$1,000",100,1000,Y,NA,NA,NA,NA,$100,NA,"$1,000",100,1000,100,Humans,NA,NA,Humans,NA,NA,immediate,immediate,4,5,2,4,4,5,5,5,4,5,4,5,2,4,4,5,5,5,4,5,5,5,5,5,5,5,5,5,5,3,4,4
18-24,M,Bachelor's degree,Y,N,N,N,Y,N,N,N,N,Scuba,Scuba,Once a year,Sand flats,Coral reef,Open Ocean,very_poor,good,1,1,5,3,1,4,4,4,5,3,4,1,1,5,3,1,4,2,5,4,3,2,1,1,5,3,1,4,2,5,4,3,2,Y,NA,NA,$10,NA,$100,NA,NA,10,100,Y,NA,NA,$10,NA,$100,NA,NA,10,100,100,Cyclones,Pollution,Climate change,Fishing nets,Dredging,Dugongs,immediate,immediate,5,4,3,4,5,5,5,2,2,3,5,4,3,3,5,5,5,2,2,3,5,4,4,3,4,5,5,4,3,1,3,3
18-24,F,Bachelor's degree,Y,N,N,N,Y,N,N,N,N,Scuba,Scuba,Once a month,Coral reefs,NA,NA,poor,good,2,1,5,5,4,5,5,5,5,5,5,3,4,5,5,2,5,5,5,5,5,5,1,1,2,5,2,5,3,5,5,5,5,Y,$1,NA,NA,$50,NA,NA,NA,1,50,Y,$1,NA,NA,$50,NA,NA,NA,1,50,100,Bleaching,overfishing,Sea temperature increase,Corrosion,Sea temperature rise,NA,immediate,immediate,5,4,2,3,5,5,5,5,5,4,5,4,2,3,5,5,5,5,5,4,5,5,5,5,5,5,5,5,5,2,5,5
18-24,M,Bachelor's degree,Y,N,N,N,Y,N,N,N,N,Scuba,Scuba,Once a month,Reefs,Mangroves,Sand banks,poor,good,4,2,5,5,2,5,4,5,5,3,5,5,5,5,3,1,5,5,5,5,5,5,3,3,5,2,1,5,5,2,5,5,5,Y,NA,NA,NA,NA,NA,$500,"$1,000",500,1000,Y,NA,NA,NA,NA,NA,$500,"$1,000",500,1000,100,Fishing,Climate change,Pollution,Climate change,warming ocean,pollution,immediate,immediate,5,5,4,3,5,5,5,5,4,5,5,5,4,2,5,5,5,5,4,5,5,5,5,5,5,5,5,3,5,1,5,4
25-34,M,Bachelor's degree,Y,N,N,N,Y,N,N,N,N,Scuba,Scuba,Few times a year,Coral reef,Seagrass,Mangrove,good,very_good,5,1,5,5,4,4,2,4,5,3,4,5,4,5,4,4,5,3,5,5,4,5,5,4,5,5,4,5,5,4,5,4,5,Y,NA,NA,$10,NA,NA,$500,NA,10,500,Y,NA,$5,NA,$50,NA,NA,NA,5,50,100,Overfishing,Climate change,NA,Dredging,Climate change,NA,immediate,immediate,3,3,3,2,3,4,4,4,4,4,4,4,3,2,4,4,5,4,4,4,4,5,5,4,4,4,4,5,4,2,3,3
25-34,F,Master's degree,Y,N,N,N,Y,N,N,N,N,Scuba,Scuba,Few times a year,Coral reef,Seagrass,Mangrove,poor,good,1,1,5,3,3,5,5,4,4,3,5,5,5,5,3,2,5,5,3,3,5,5,4,4,4,3,1,4,5,1,4,5,5,Y,NA,NA,NA,$50,NA,$500,NA,50,500,Y,NA,NA,NA,$50,NA,$500,NA,50,500,100,Global warming / bleaching,run off nutrient pollution,boating / diving breakage,Nutrient pollution,Fishing / Trawling damage,NA,immediate,immediate,3,2,3,3,3,3,3,4,1,4,4,3,3,2,5,4,5,4,1,4,5,4,4,3,5,4,3,4,4,1,4,3
18-24,M,Secondary Education,Y,Y,Y,N,Y,Y,N,N,N,Scuba,Scuba,About once a week,fringing reefs,vast reef flats,Reef walls,poor,very_good,NA,NA,NA,NA,NA,NA,NA,NA,NA,NA,NA,NA,NA,NA,NA,NA,NA,NA,NA,NA,NA,NA,NA,NA,NA,NA,NA,NA,NA,NA,NA,NA,NA,NA,NA,NA,NA,NA,NA,NA,NA,0,0,NA,NA,NA,NA,NA,NA,NA,NA,0,0,NA,NA,NA,NA,NA,NA,NA,NA,NA,NA,NA,NA,NA,NA,NA,NA,NA,NA,NA,NA,NA,NA,NA,NA,NA,NA,NA,NA,NA,NA,NA,NA,NA,NA,NA,NA,NA,NA,NA,NA,NA
25-34,M,Master's degree,Y,N,N,N,Y,N,N,N,N,Scuba,Scuba,Few times a year,Reef,sandy bottom,ocean,poor,good,1,3,5,4,4,1,5,5,5,5,5,5,5,5,3,3,3,3,3,5,5,5,5,5,5,3,3,3,3,3,3,3,3,Y,$1,NA,NA,$50,NA,NA,NA,1,50,Y,$1,NA,NA,$50,NA,NA,NA,1,50,100,water pollution,increase in temperature of the water,massive fishing,water pollution,increase in water temperature,NA,immediate,immediate,3,3,2,4,3,5,3,3,3,4,3,3,2,4,5,5,3,3,3,4,5,5,2,5,3,5,5,2,5,3,4,3
18-24,F,Master's degree,Y,N,N,Y,Y,N,N,N,N,Scuba,Scuba,Once a month,Corals,anemone,algae,very_poor,very_good,4,2,5,4,3,5,5,5,5,5,5,5,5,5,5,4,2,5,5,5,5,5,5,5,5,3,4,5,4,5,5,4,3,Y,$1,NA,NA,NA,NA,$500,NA,1,500,Y,$1,NA,NA,NA,NA,$500,NA,1,500,100,climate change and related extreme events,pollution / plastic,overfishing,overfishing,boat anchors,climate change extreme events,immediate,no_opinion,5,5,4,4,5,5,5,5,5,5,5,5,3,1,5,5,5,2,2,2,5,5,5,5,5,3,3,4,3,1,5,3
25-34,F,Bachelor's degree,Y,N,N,N,Y,N,N,N,N,Scuba,Scuba,Less than once a year,Reef,Marine,Mangroves,good,good,4,2,5,5,3,4,4,5,5,4,4,1,3,5,4,4,5,5,5,5,4,4,1,3,5,4,4,5,5,5,5,4,4,Y,NA,NA,NA,NA,$100,$500,NA,100,500,Y,NA,NA,NA,NA,$100,$500,NA,100,500,100,climate change,people activities,natural disasters,climate change,people activities,natural disasters,immediate,immediate,5,5,3,3,4,4,4,3,3,3,5,5,3,3,4,4,4,3,3,3,4,4,4,4,3,4,4,4,4,3,3,3
18-24,M,Bachelor's degree,Y,N,N,N,Y,N,N,N,N,Scuba,Scuba,Few times a year,Coral bommie,wreck,reefwall,poor,good,5,2,5,4,3,5,4,4,4,3,3,5,5,5,3,1,5,3,4,5,2,3,2,2,4,4,2,3,4,4,4,3,3,Y,$1,NA,NA,$50,NA,NA,NA,1,50,Y,$1,NA,$10,NA,NA,NA,NA,1,10,100,storm damage,Ocean acidification,global warming,motor boat activity,human interaction,Sea level rise,immediate,immediate,3,5,4,4,5,5,3,5,3,5,4,4,3,3,5,3,3,5,3,5,5,5,5,4,4,4,5,5,4,2,4,4
35-44,M,Secondary Education,N,Y,N,N,N,N,N,Y,N,Kite_surfing,Kite_surfing,Every day,Coral,Open water ,Sand islands,good,very_poor,4,3,5,2,5,4,1,3,5,3,3,3,3,3,3,3,3,3,3,3,3,3,3,3,5,3,3,3,3,3,3,3,3,Y,$1,NA,NA,NA,NA,$500,NA,1,500,N,NA,NA,NA,NA,NA,NA,NA,0,0,65,Shipping,Pollution ,Greed,Pollution ,Shipping,Dredging ,immediate,immediate,5,4,4,1,5,5,5,4,3,4,5,5,2,1,5,5,5,5,3,5,4,5,2,4,5,2,5,2,4,1,3,4
55-64,M,Secondary Education,N,N,N,Y,N,N,N,N,N,Sailing ,Sailing,Once a month,NA,NA,NA,NA,NA,NA,NA,NA,NA,NA,NA,NA,NA,NA,NA,NA,NA,NA,NA,NA,NA,NA,NA,NA,NA,NA,NA,NA,NA,NA,NA,NA,NA,NA,NA,NA,NA,NA,NA,NA,NA,NA,NA,NA,NA,NA,0,0,NA,NA,NA,NA,NA,NA,NA,NA,0,0,NA,NA,NA,NA,NA,NA,NA,NA,NA,NA,NA,NA,NA,NA,NA,NA,NA,NA,NA,NA,NA,NA,NA,NA,NA,NA,NA,NA,NA,NA,NA,NA,NA,NA,NA,NA,NA,NA,NA,NA,NA
35-44,M,Ph. D,Y,N,Y,Y,Y,Y,N,Y,N,Kite_surfing,Kite_surfing,Every day,Coral reefs,Seagrass meadows,Mangroves,very_poor,very_good,3,1,4,5,4,5,3,3,3,4,4,4,3,5,2,2,1,3,4,2,5,4,4,4,4,2,2,2,3,3,5,5,4,Y,NA,NA,NA,$50,NA,$500,NA,50,500,Y,NA,NA,NA,$50,NA,$500,NA,50,500,100,Climate change,COTS (in AUs),Cyclones  (in Aus),Runoff/water quality,Climate change,Pollutants,immediate,immediate,1,1,1,1,2,2,1,3,1,1,2,1,1,1,2,3,1,4,1,1,5,3,3,3,4,3,2,3,4,1,3,4
25-34,F,Bachelor's degree,Y,N,N,Y,Y,Y,N,N,Y,Scuba,Scuba,Every day,Coral Reefs,Mangroves,Seagrass,poor,very_good,5,3,5,2,1,4,3,4,4,5,5,5,5,5,2,2,3,3,2,3,5,4,5,5,5,4,3,2,3,2,4,5,4,Y,NA,NA,NA,NA,$100,NA,"$1,000",100,1000,Y,NA,NA,NA,NA,$100,NA,"$1,000",100,1000,100,Ocean acidification,Increased water temperature,"Land runoff and water pollution from foreign chemicals (oil spills, agricolture pesticides etc",Ocean acidification ,Land runoff and water pollution,destructive fishing practices,immediate,immediate,3,4,5,2,5,2,5,5,4,5,5,5,3,4,5,3,5,5,4,5,5,5,5,5,5,3,5,3,5,1,5,4
35-44,F,Master's degree,Y,N,N,N,N,N,N,N,N,Scuba,Scuba,Less than once a year,NA,NA,NA,NA,NA,NA,NA,NA,NA,NA,NA,NA,NA,NA,NA,NA,NA,NA,NA,NA,NA,NA,NA,NA,NA,NA,NA,NA,NA,NA,NA,NA,NA,NA,NA,NA,NA,NA,NA,NA,NA,NA,NA,NA,NA,NA,0,0,NA,NA,NA,NA,NA,NA,NA,NA,0,0,NA,NA,NA,NA,NA,NA,NA,NA,NA,NA,NA,NA,NA,NA,NA,NA,NA,NA,NA,NA,NA,NA,NA,NA,NA,NA,NA,NA,NA,NA,NA,NA,NA,NA,NA,NA,NA,NA,NA,NA,NA
55-64,F,Diploma,Y,N,N,N,Y,N,N,N,N,Scuba ,Scuba,Few times a year,Coral Reefs,Seaweed forests,Mangrove forests ,very_poor,very_good,1,1,5,1,4,5,5,5,4,3,3,5,5,5,5,5,5,5,5,5,3,3,5,5,5,5,5,5,5,5,5,3,3,Y,NA,NA,NA,NA,$100,NA,"$1,000",100,1000,Y,NA,NA,NA,NA,$100,NA,"$1,000",100,1000,100,Commercial Fishing,Plastic ,Climate change ,Commercial Fishing ,Plastic ,Climate change ,immediate,immediate,5,5,1,3,5,5,5,5,5,5,5,5,1,3,5,5,5,5,5,5,3,5,3,5,3,3,5,3,5,3,3,3
18-24,F,Bachelor's degree,Y,N,N,N,Y,N,N,N,N,Scuba,Scuba,Few times a year,Coral Reef,Sandy substrate,Seagrass,very_poor,very_good,NA,NA,NA,NA,NA,NA,NA,NA,NA,NA,NA,NA,NA,NA,NA,NA,NA,NA,NA,NA,NA,NA,NA,NA,NA,NA,NA,NA,NA,NA,NA,NA,NA,NA,NA,NA,NA,NA,NA,NA,NA,0,0,NA,NA,NA,NA,NA,NA,NA,NA,0,0,NA,NA,NA,NA,NA,NA,NA,NA,NA,NA,NA,NA,NA,NA,NA,NA,NA,NA,NA,NA,NA,NA,NA,NA,NA,NA,NA,NA,NA,NA,NA,NA,NA,NA,NA,NA,NA,NA,NA,NA,NA
18-24,F,Bachelor's degree,Y,N,N,N,Y,N,N,N,N,Scuba,Scuba,Once a month,NA,NA,NA,NA,NA,NA,NA,NA,NA,NA,NA,NA,NA,NA,NA,NA,NA,NA,NA,NA,NA,NA,NA,NA,NA,NA,NA,NA,NA,NA,NA,NA,NA,NA,NA,NA,NA,NA,NA,NA,NA,NA,NA,NA,NA,NA,0,0,NA,NA,NA,NA,NA,NA,NA,NA,0,0,NA,NA,NA,NA,NA,NA,NA,NA,NA,NA,NA,NA,NA,NA,NA,NA,NA,NA,NA,NA,NA,NA,NA,NA,NA,NA,NA,NA,NA,NA,NA,NA,NA,NA,NA,NA,NA,NA,NA,NA,NA
35-44,M,Master's degree,Y,N,N,N,Y,N,N,N,N,Scuba ,Scuba,Few times a year,Reef,Lagoon ,Rubble ,poor,good,1,1,5,4,5,5,2,4,5,5,5,5,5,5,4,5,4,2,5,5,5,5,4,4,3,2,3,5,2,2,5,5,4,Y,NA,NA,NA,$50,NA,$500,NA,50,500,Y,NA,NA,NA,$50,NA,$500,NA,50,500,100,Rising SST,Overfishing ,Pollution,Climate change ,Dredging ,Trawling ,immediate,immediate,5,5,3,3,5,5,4,5,4,5,5,5,4,3,5,5,5,5,5,5,5,5,5,4,5,5,3,5,5,2,5,5
35-44,M,Secondary Education,Y,N,N,N,N,N,N,N,N,Scuba ,Scuba,Few times a year,Reef flat,Corals,Sandy bottom,very_poor,good,2,1,5,4,3,5,3,5,5,5,5,5,5,5,4,3,3,4,5,4,5,5,4,5,5,5,5,5,4,5,5,4,5,Y,NA,NA,NA,$50,NA,$500,NA,50,500,Y,$1,NA,NA,NA,$100,NA,NA,1,100,NA,NA,NA,NA,NA,NA,NA,NA,NA,NA,NA,NA,NA,NA,NA,NA,NA,NA,NA,NA,NA,NA,NA,NA,NA,NA,NA,NA,NA,NA,NA,NA,NA,NA,NA,NA,NA,NA,NA,NA,NA
18-24,F,Bachelor's degree,Y,N,N,N,Y,N,N,N,N,Scuba ,Scuba,Few times a year,croal,benthic/sand/ocean floor,seagrass/algae,poor,good,2,1,5,3,3,5,4,5,5,4,4,5,5,5,4,4,5,3,5,4,5,5,5,5,5,4,4,5,3,4,5,5,5,Y,NA,NA,NA,NA,$100,NA,"$1,000",100,1000,Y,NA,NA,NA,$50,NA,$500,NA,50,500,100,climate change - bleaching,overfishing,water pollution,climate change ,algal blooms from eutrophication,human land-based impact (eg. infrastructure),immediate,immediate,5,5,2,3,5,4,5,5,4,5,5,5,2,3,5,4,5,5,5,5,5,5,5,5,5,5,4,4,5,5,4,4
18-24,F,Bachelor's degree,N,N,N,N,Y,N,N,N,N,Snorkeling_freediving,Snorkeling_freediving,Few times a year,Coral Reef,Mangroves,Open ocean,poor,very_poor,4,3,4,3,3,4,4,4,4,4,4,4,4,4,3,3,3,4,5,4,4,4,4,2,4,3,3,3,4,4,4,4,4,N,NA,NA,NA,NA,NA,NA,NA,0,0,N,NA,NA,NA,NA,NA,NA,NA,0,0,NA,NA,NA,NA,NA,NA,NA,NA,NA,NA,NA,NA,NA,NA,NA,NA,NA,NA,NA,NA,NA,NA,NA,NA,NA,NA,NA,NA,NA,NA,NA,NA,NA,NA,NA,NA,NA,NA,NA,NA,NA
35-44,F,Bachelor's degree,Y,N,N,N,Y,N,N,N,N,Scuba ,Scuba,About once a week,NA,NA,NA,NA,NA,NA,NA,NA,NA,NA,NA,NA,NA,NA,NA,NA,NA,NA,NA,NA,NA,NA,NA,NA,NA,NA,NA,NA,NA,NA,NA,NA,NA,NA,NA,NA,NA,NA,NA,NA,NA,NA,NA,NA,NA,NA,0,0,NA,NA,NA,NA,NA,NA,NA,NA,0,0,NA,NA,NA,NA,NA,NA,NA,NA,NA,NA,NA,NA,NA,NA,NA,NA,NA,NA,NA,NA,NA,NA,NA,NA,NA,NA,NA,NA,NA,NA,NA,NA,NA,NA,NA,NA,NA,NA,NA,NA,NA
18-24,F,Master's degree,Y,N,N,N,Y,N,N,N,N,Scuba ,Scuba,Once a month,Coral reefs,Macro algae ,Sea grass,very_poor,good,NA,NA,NA,NA,NA,NA,NA,NA,NA,NA,NA,NA,NA,NA,NA,NA,NA,NA,NA,NA,NA,NA,NA,NA,NA,NA,NA,NA,NA,NA,NA,NA,NA,NA,NA,NA,NA,NA,NA,NA,NA,0,0,NA,NA,NA,NA,NA,NA,NA,NA,0,0,NA,NA,NA,NA,NA,NA,NA,NA,NA,NA,NA,NA,NA,NA,NA,NA,NA,NA,NA,NA,NA,NA,NA,NA,NA,NA,NA,NA,NA,NA,NA,NA,NA,NA,NA,NA,NA,NA,NA,NA,NA
65+,M,Bachelor's degree,N,N,N,Y,N,N,N,N,N,Sailing,Sailing,Once a month,NA,NA,NA,NA,NA,NA,NA,NA,NA,NA,NA,NA,NA,NA,NA,NA,NA,NA,NA,NA,NA,NA,NA,NA,NA,NA,NA,NA,NA,NA,NA,NA,NA,NA,NA,NA,NA,NA,NA,NA,NA,NA,NA,NA,NA,NA,0,0,NA,NA,NA,NA,NA,NA,NA,NA,0,0,NA,NA,NA,NA,NA,NA,NA,NA,NA,NA,NA,NA,NA,NA,NA,NA,NA,NA,NA,NA,NA,NA,NA,NA,NA,NA,NA,NA,NA,NA,NA,NA,NA,NA,NA,NA,NA,NA,NA,NA,NA
55-64,M,Diploma,N,Y,Y,Y,Y,N,N,N,N,Sailing,Sailing,About once a week,Ocean,Coral,Islands,good,good,1,1,1,1,3,5,4,3,1,2,2,1,2,1,1,3,5,5,4,1,3,3,1,2,1,1,3,5,5,4,1,3,3,Y,NA,NA,NA,NA,$100,NA,"$1,000",100,1000,Y,NA,NA,NA,NA,$100,NA,"$1,000",100,1000,NA,Chemicals,Spills,Anchor damage,Chemicals,Spills,Bottom netting,no_threat,no_threat,3,3,1,2,5,4,4,3,1,2,3,3,1,2,5,4,4,3,1,2,1,1,1,1,5,1,1,1,1,5,4,4
45-54,M,Secondary Education,N,Y,Y,Y,Y,N,N,N,N,Sailing ,Sailing,Once a month,Sandy lagoon,Coral reef,Bommies,good,good,4,4,5,4,3,2,3,2,5,3,4,4,4,4,4,3,2,2,3,3,2,2,4,3,4,4,4,2,2,3,4,2,3,N,NA,NA,NA,NA,NA,NA,NA,0,0,N,NA,NA,NA,NA,NA,NA,NA,0,0,NA,Media,Pollution ,Crown of thorns ,Media ,River run off ,Silt,far_away,no_opinion,3,3,2,4,4,3,4,3,2,2,3,3,2,3,4,3,4,3,2,2,1,2,3,3,5,2,2,3,3,5,5,4
55-64,M,Diploma,N,Y,N,Y,N,N,N,N,N,Sailing,Sailing,Once a month,Reef,NA,NA,very_good,very_good,NA,NA,NA,NA,NA,NA,NA,NA,NA,NA,NA,NA,NA,NA,NA,NA,NA,NA,NA,NA,NA,NA,NA,NA,NA,NA,NA,NA,NA,NA,NA,NA,NA,NA,NA,NA,NA,NA,NA,NA,NA,0,0,NA,NA,NA,NA,NA,NA,NA,NA,0,0,NA,NA,NA,NA,NA,NA,NA,NA,NA,NA,NA,NA,NA,NA,NA,NA,NA,NA,NA,NA,NA,NA,NA,NA,NA,NA,NA,NA,NA,NA,NA,NA,NA,NA,NA,NA,NA,NA,NA,NA,NA
55-64,F,Diploma,N,N,N,Y,N,N,N,N,N,Sailing,Sailing,Few times a year,Coral Reef,Sea grass,Kelp forests,very_poor,very_good,5,3,5,5,4,5,5,5,5,5,5,5,1,5,5,1,5,3,5,5,5,2,5,5,5,1,1,5,4,5,5,5,2,N,NA,NA,NA,NA,NA,NA,NA,0,0,N,NA,NA,NA,NA,NA,NA,NA,0,0,NA,NA,NA,NA,NA,NA,NA,NA,NA,NA,NA,NA,NA,NA,NA,NA,NA,NA,NA,NA,NA,NA,NA,NA,NA,NA,NA,NA,NA,NA,NA,NA,NA,NA,NA,NA,NA,NA,NA,NA,NA
65+,F,Diploma,N,N,N,Y,Y,N,N,N,N,Sailing,Sailing,Few times a year,Coral,Rocks,Shells,very_good,good,5,1,5,5,5,1,3,5,5,5,5,1,3,5,5,3,1,1,5,5,5,5,1,3,5,5,3,1,1,5,5,5,5,N,NA,NA,NA,NA,NA,NA,NA,0,0,NA,NA,NA,NA,NA,NA,NA,NA,0,0,NA,NA,NA,NA,NA,NA,NA,NA,NA,NA,NA,NA,NA,NA,NA,NA,NA,NA,NA,NA,NA,NA,NA,NA,NA,NA,NA,NA,NA,NA,NA,NA,NA,NA,NA,NA,NA,NA,NA,NA,NA
45-54,M,Diploma,Y,Y,Y,Y,Y,N,N,N,N,Sailing ,Sailing,Once a year,Lagoon,Reef,Mangrove,very_poor,very_poor,5,5,5,5,4,5,2,3,5,3,3,5,5,5,5,3,5,1,3,5,3,3,5,5,5,5,3,5,1,4,5,3,3,N,NA,NA,NA,NA,NA,NA,NA,0,0,N,NA,NA,NA,NA,NA,NA,NA,0,0,NA,Global warming ,Coastal run-off ,Plastic waste,Coastal run-off,Trawling ,Propellers,immediate,no_opinion,4,4,4,4,3,4,2,5,2,5,5,5,2,3,5,3,5,5,3,5,5,5,5,5,4,4,4,5,5,1,5,4
45-54,M,Diploma,Y,Y,Y,Y,Y,N,N,N,N,Sailing ,Sailing,Once a year,NA,NA,NA,NA,NA,NA,NA,NA,NA,NA,NA,NA,NA,NA,NA,NA,NA,NA,NA,NA,NA,NA,NA,NA,NA,NA,NA,NA,NA,NA,NA,NA,NA,NA,NA,NA,NA,NA,NA,NA,NA,NA,NA,NA,NA,NA,0,0,NA,NA,NA,NA,NA,NA,NA,NA,0,0,NA,NA,NA,NA,NA,NA,NA,NA,NA,NA,NA,NA,NA,NA,NA,NA,NA,NA,NA,NA,NA,NA,NA,NA,NA,NA,NA,NA,NA,NA,NA,NA,NA,NA,NA,NA,NA,NA,NA,NA,NA
65+,M,Technical College ,N,N,N,Y,N,N,N,N,N,Sailing ,Sailing,Every day,Coral,Coral fish,NA,good,very_good,NA,NA,NA,NA,NA,NA,NA,NA,NA,NA,NA,NA,NA,NA,NA,NA,NA,NA,NA,NA,NA,NA,NA,NA,NA,NA,NA,NA,NA,NA,NA,NA,NA,NA,NA,NA,NA,NA,NA,NA,NA,0,0,NA,NA,NA,NA,NA,NA,NA,NA,0,0,NA,NA,NA,NA,NA,NA,NA,NA,NA,NA,NA,NA,NA,NA,NA,NA,NA,NA,NA,NA,NA,NA,NA,NA,NA,NA,NA,NA,NA,NA,NA,NA,NA,NA,NA,NA,NA,NA,NA,NA,NA
55-64,F,Diploma,N,N,N,Y,N,N,N,N,N,Sailing,Sailing,About once a week,NA,NA,NA,NA,NA,NA,NA,NA,NA,NA,NA,NA,NA,NA,NA,NA,NA,NA,NA,NA,NA,NA,NA,NA,NA,NA,NA,NA,NA,NA,NA,NA,NA,NA,NA,NA,NA,NA,NA,NA,NA,NA,NA,NA,NA,NA,0,0,NA,NA,NA,NA,NA,NA,NA,NA,0,0,NA,NA,NA,NA,NA,NA,NA,NA,NA,NA,NA,NA,NA,NA,NA,NA,NA,NA,NA,NA,NA,NA,NA,NA,NA,NA,NA,NA,NA,NA,NA,NA,NA,NA,NA,NA,NA,NA,NA,NA,NA
55-64,M,Secondary Education,N,Y,N,Y,Y,N,N,N,N,Sailing,Sailing,Few times a year,NA,NA,NA,NA,NA,NA,NA,NA,NA,NA,NA,NA,NA,NA,NA,NA,NA,NA,NA,NA,NA,NA,NA,NA,NA,NA,NA,NA,NA,NA,NA,NA,NA,NA,NA,NA,NA,NA,NA,NA,NA,NA,NA,NA,NA,NA,0,0,NA,NA,NA,NA,NA,NA,NA,NA,0,0,NA,NA,NA,NA,NA,NA,NA,NA,NA,NA,NA,NA,NA,NA,NA,NA,NA,NA,NA,NA,NA,NA,NA,NA,NA,NA,NA,NA,NA,NA,NA,NA,NA,NA,NA,NA,NA,NA,NA,NA,NA
65+,M,Secondary Education,N,N,N,Y,Y,N,N,N,N,Sailing,Sailing,Once a year,NA,NA,NA,NA,NA,NA,NA,NA,NA,NA,NA,NA,NA,NA,NA,NA,NA,NA,NA,NA,NA,NA,NA,NA,NA,NA,NA,NA,NA,NA,NA,NA,NA,NA,NA,NA,NA,NA,NA,NA,NA,NA,NA,NA,NA,NA,0,0,NA,NA,NA,NA,NA,NA,NA,NA,0,0,NA,NA,NA,NA,NA,NA,NA,NA,NA,NA,NA,NA,NA,NA,NA,NA,NA,NA,NA,NA,NA,NA,NA,NA,NA,NA,NA,NA,NA,NA,NA,NA,NA,NA,NA,NA,NA,NA,NA,NA,NA
65+,M,Bachelor's degree,N,N,N,Y,N,N,N,N,N,Sailing,Sailing,Few times a year,Restricted,General,Protected,good,good,NA,NA,NA,NA,NA,NA,NA,NA,NA,NA,NA,NA,NA,NA,NA,NA,NA,NA,NA,NA,NA,NA,NA,NA,NA,NA,NA,NA,NA,NA,NA,NA,NA,NA,NA,NA,NA,NA,NA,NA,NA,0,0,NA,NA,NA,NA,NA,NA,NA,NA,0,0,NA,NA,NA,NA,NA,NA,NA,NA,NA,NA,NA,NA,NA,NA,NA,NA,NA,NA,NA,NA,NA,NA,NA,NA,NA,NA,NA,NA,NA,NA,NA,NA,NA,NA,NA,NA,NA,NA,NA,NA,NA
35-44,F,Ph. D,N,N,N,Y,Y,N,N,N,N,Sailing,Sailing,Few times a year,Coral Reef,Seagrass,Mangroves,very_poor,very_good,3,1,5,5,5,5,5,5,5,5,5,NA,5,5,5,5,2,5,5,5,5,5,5,5,5,5,5,5,5,5,5,5,5,Y,NA,NA,NA,$50,NA,NA,"$1,000",50,1000,Y,NA,NA,NA,$50,NA,NA,"$1,000",50,1000,NA,Climate change,Water quality,Physical damage,Sediment,Nutrients,Physical damage,immediate,immediate,5,5,3,2,5,3,1,5,1,5,5,5,3,3,5,3,5,5,3,5,5,5,5,5,5,5,2,3,5,1,3,3
35-44,F,Ph. D,N,N,N,Y,Y,N,N,N,N,Sailing,Sailing,Once a month,Coral Reef,Seagrass,Mangroves,very_poor,very_poor,NA,NA,NA,NA,NA,NA,NA,NA,NA,NA,NA,NA,NA,NA,NA,NA,NA,NA,NA,NA,NA,NA,NA,NA,NA,NA,NA,NA,NA,NA,NA,NA,NA,NA,NA,NA,NA,NA,NA,NA,NA,0,0,NA,NA,NA,NA,NA,NA,NA,NA,0,0,NA,NA,NA,NA,NA,NA,NA,NA,NA,NA,NA,NA,NA,NA,NA,NA,NA,NA,NA,NA,NA,NA,NA,NA,NA,NA,NA,NA,NA,NA,NA,NA,NA,NA,NA,NA,NA,NA,NA,NA,NA
55-64,F,Secondary Education,N,Y,N,N,N,N,N,N,N,Rec_fish,Rec_fish,Less than once a year,Fish,Water,Coral ,good,good,NA,NA,NA,NA,NA,NA,NA,NA,NA,NA,NA,NA,NA,NA,NA,NA,NA,NA,NA,NA,NA,NA,NA,NA,NA,NA,NA,NA,NA,NA,NA,NA,NA,Y,$1,$5,NA,NA,NA,NA,NA,1,5,N,NA,NA,NA,NA,NA,NA,NA,0,0,NA,Run off ,NA,NA,Run off,NA,NA,far_away,immediate,NA,NA,NA,NA,NA,NA,NA,NA,NA,NA,NA,NA,NA,NA,NA,NA,NA,NA,NA,NA,NA,NA,NA,NA,NA,NA,NA,NA,NA,NA,4,3
55-64,M,Bachelor's degree,Y,N,N,Y,Y,N,N,N,N,Sailing,Sailing,Few times a year,Sand cay,Reef,Islands,very_poor,very_poor,NA,NA,NA,NA,NA,NA,NA,NA,NA,NA,NA,NA,NA,NA,NA,NA,NA,NA,NA,NA,NA,NA,NA,NA,NA,NA,NA,NA,NA,NA,NA,NA,NA,Y,NA,NA,NA,NA,$100,$500,NA,100,500,Y,NA,NA,NA,NA,$100,$500,NA,100,500,NA,Vessel anchoring,Refuse,Fuel,Siltation,Public perception as not important ,NA,immediate,no_opinion,NA,NA,NA,NA,NA,NA,NA,NA,NA,NA,NA,NA,NA,NA,NA,NA,NA,NA,NA,NA,NA,NA,NA,NA,NA,NA,NA,NA,NA,NA,5,NA
65+,M,Diploma,N,Y,N,N,N,N,N,N,N,Rec_fish,Rec_fish,Every day,Marine parks,No go fishing zones,Open fishing areas,very_good,very_poor,NA,NA,NA,NA,NA,NA,NA,NA,NA,NA,NA,NA,NA,NA,NA,NA,NA,NA,NA,NA,NA,NA,NA,NA,NA,NA,NA,NA,NA,NA,NA,NA,NA,N,NA,NA,NA,NA,NA,NA,NA,0,0,Y,$1,$5,NA,NA,NA,NA,NA,1,5,NA,Over commercial fishing,Mining,Political ignorance,Commercial fishing,Dredging for profit,Ignorant greed of political parties,no_threat,no_threat,NA,NA,NA,NA,NA,NA,NA,NA,NA,NA,NA,NA,NA,NA,NA,NA,NA,NA,NA,NA,NA,NA,NA,NA,NA,NA,NA,NA,NA,NA,5,5
25-34,F,Master's degree,N,Y,N,N,N,N,N,N,N,Rec_fish,Rec_fish,Few times a year,Coral reefs,Estuaries,Rivers,good,very_poor,NA,NA,NA,NA,NA,NA,NA,NA,NA,NA,NA,NA,NA,NA,NA,NA,NA,NA,NA,NA,NA,NA,NA,NA,NA,NA,NA,NA,NA,NA,NA,NA,NA,Y,NA,NA,$10,$50,NA,NA,NA,10,50,N,NA,NA,NA,NA,NA,NA,NA,0,0,NA,Pollution,Over fishing,NA,Pollution,NA,NA,immediate,immediate,NA,NA,NA,NA,NA,NA,NA,NA,NA,NA,NA,NA,NA,NA,NA,NA,NA,NA,NA,NA,NA,NA,NA,NA,NA,NA,NA,NA,NA,NA,5,5
35-44,M,Bachelor's degree,N,Y,N,N,N,Y,N,N,N,Boating,Boating,Once a month,Coral reef,Mangroves ,Kelp,poor,poor,NA,NA,NA,NA,NA,NA,NA,NA,NA,NA,NA,NA,NA,NA,NA,NA,NA,NA,NA,NA,NA,NA,NA,NA,NA,NA,NA,NA,NA,NA,NA,NA,NA,Y,NA,NA,NA,$50,NA,$500,NA,50,500,Y,NA,NA,NA,$50,NA,$500,NA,50,500,NA,Bleaching,Litter,Over fishing,Climate change,NA,NA,immediate,immediate,NA,NA,NA,NA,NA,NA,NA,NA,NA,NA,NA,NA,NA,NA,NA,NA,NA,NA,NA,NA,NA,NA,NA,NA,NA,NA,NA,NA,NA,NA,4,4
45-54,F,Secondary Education,N,Y,N,N,N,Y,Y,N,N,Rec_fish,Rec_fish,Few times a year,Rocks,Trees,NA,very_poor,very_good,NA,NA,NA,NA,NA,NA,NA,NA,NA,NA,NA,NA,NA,NA,NA,NA,NA,NA,NA,NA,NA,NA,NA,NA,NA,NA,NA,NA,NA,NA,NA,NA,NA,Y,$1,NA,NA,$50,NA,NA,NA,1,50,N,NA,NA,NA,NA,NA,NA,NA,0,0,NA,Plastic,Over fishing,Rubbish,Cyclones,Weather ,NA,immediate,immediate,NA,NA,NA,NA,NA,NA,NA,NA,NA,NA,NA,NA,NA,NA,NA,NA,NA,NA,NA,NA,NA,NA,NA,NA,NA,NA,NA,NA,NA,NA,5,5
45-54,M,Secondary Education,N,Y,N,N,N,Y,Y,N,N,Rec_fish,Rec_fish,Few times a year,Coral reef ,Mangroves,Estuaries ,very_good,very_good,NA,NA,NA,NA,NA,NA,NA,NA,NA,NA,NA,NA,NA,NA,NA,NA,NA,NA,NA,NA,NA,NA,NA,NA,NA,NA,NA,NA,NA,NA,NA,NA,NA,Y,NA,NA,NA,NA,NA,NA,NA,0,0,NA,NA,NA,NA,NA,NA,NA,NA,0,0,NA,NA,NA,NA,NA,NA,NA,NA,NA,NA,NA,NA,NA,NA,NA,NA,NA,NA,NA,NA,NA,NA,NA,NA,NA,NA,NA,NA,NA,NA,NA,NA,NA,NA,NA,NA,NA,NA,NA,NA,NA
35-44,M,Secondary Education,N,N,N,N,N,Y,N,N,N,Boating,Boating,Once a month,Reef,Mangroves,Islands,good,very_poor,NA,NA,NA,NA,NA,NA,NA,NA,NA,NA,NA,NA,NA,NA,NA,NA,NA,NA,NA,NA,NA,NA,NA,NA,NA,NA,NA,NA,NA,NA,NA,NA,NA,Y,$1,NA,NA,NA,$100,NA,NA,1,100,Y,NA,NA,NA,$50,$100,NA,NA,50,100,NA,Polution,People,Global warming,Boats,Dredging,NA,immediate,immediate,NA,NA,NA,NA,NA,NA,NA,NA,NA,NA,NA,NA,NA,NA,NA,NA,NA,NA,NA,NA,NA,NA,NA,NA,NA,NA,NA,NA,NA,NA,5,5
25-34,M,Master's degree,N,N,N,N,N,Y,N,N,N,Boating,Boating,Once a year,Coral Reef,NA,NA,poor,good,NA,NA,NA,NA,NA,NA,NA,NA,NA,NA,NA,NA,NA,NA,NA,NA,NA,NA,NA,NA,NA,NA,NA,NA,NA,NA,NA,NA,NA,NA,NA,NA,NA,Y,NA,NA,NA,$50,$100,NA,NA,50,100,Y,NA,NA,NA,$50,$100,NA,NA,50,100,NA,People,Waste,Energy mining,People,Waste,NA,immediate,immediate,NA,NA,NA,NA,NA,NA,NA,NA,NA,NA,NA,NA,NA,NA,NA,NA,NA,NA,NA,NA,NA,NA,NA,NA,NA,NA,NA,NA,NA,NA,4,4
55-64,M,Diploma,N,Y,N,Y,N,N,N,N,N,Rec_fish,Rec_fish,Once a month,Reef,NA,NA,good,very_good,NA,NA,NA,NA,NA,NA,NA,NA,NA,NA,NA,NA,NA,NA,NA,NA,NA,NA,NA,NA,NA,NA,NA,NA,NA,NA,NA,NA,NA,NA,NA,NA,NA,N,NA,NA,NA,NA,NA,NA,NA,0,0,N,NA,NA,NA,NA,NA,NA,NA,0,0,NA,Crown of thornes ,Pollution  from ships,NA,Ship pollution ,Prowlers ,NA,far_away,no_threat,NA,NA,NA,NA,NA,NA,NA,NA,NA,NA,NA,NA,NA,NA,NA,NA,NA,NA,NA,NA,NA,NA,NA,NA,NA,NA,NA,NA,NA,NA,5,3
25-34,M,Bachelor's degree,N,N,N,N,N,Y,N,N,N,Rec_fish,Rec_fish,About once a week,Driving responsibly ,NA,NA,good,good,NA,NA,NA,NA,NA,NA,NA,NA,NA,NA,NA,NA,NA,NA,NA,NA,NA,NA,NA,NA,NA,NA,NA,NA,NA,NA,NA,NA,NA,NA,NA,NA,NA,Y,NA,NA,NA,NA,NA,NA,NA,0,0,NA,NA,NA,NA,NA,NA,NA,NA,0,0,NA,NA,NA,NA,NA,NA,NA,NA,NA,NA,NA,NA,NA,NA,NA,NA,NA,NA,NA,NA,NA,NA,NA,NA,NA,NA,NA,NA,NA,NA,NA,NA,NA,NA,NA,NA,NA,NA,NA,NA,NA
35-44,M,Secondary Education,N,N,N,N,N,Y,N,N,N,Boating,Boating,Once a month,Reef ,Fish,NA,good,very_good,NA,NA,NA,NA,NA,NA,NA,NA,NA,NA,NA,NA,NA,NA,NA,NA,NA,NA,NA,NA,NA,NA,NA,NA,NA,NA,NA,NA,NA,NA,NA,NA,NA,Y,$1,NA,NA,$50,NA,NA,NA,1,50,Y,$1,NA,NA,$50,NA,NA,NA,1,50,NA,Reef dieing,No fishing,No snorkeling ,Animals dieing,NA,NA,immediate,immediate,NA,NA,NA,NA,NA,NA,NA,NA,NA,NA,NA,NA,NA,NA,NA,NA,NA,NA,NA,NA,NA,NA,NA,NA,NA,NA,NA,NA,NA,NA,4,4
55-64,M,Diploma,Y,Y,Y,Y,Y,N,Y,N,N,Sailing,Sailing,Once a month,Mangroves,Reef,NA,very_good,very_good,NA,NA,NA,NA,NA,NA,NA,NA,NA,NA,NA,NA,NA,NA,NA,NA,NA,NA,NA,NA,NA,NA,NA,NA,NA,NA,NA,NA,NA,NA,NA,NA,NA,N,NA,NA,NA,NA,NA,NA,NA,0,0,N,NA,NA,NA,NA,NA,NA,NA,0,0,NA,Farming sugar cane,Commercial fshing,NA,Farming run off,NA,NA,no_opinion,no_opinion,NA,NA,NA,NA,NA,NA,NA,NA,NA,NA,NA,NA,NA,NA,NA,NA,NA,NA,NA,NA,NA,NA,NA,NA,NA,NA,NA,NA,NA,NA,4,NA
45-54,M,Secondary Education,N,Y,N,N,N,N,N,N,N,Rec_fish,Rec_fish,Once a year,Fish,Coral,Water,good,very_good,NA,NA,NA,NA,NA,NA,NA,NA,NA,NA,NA,NA,NA,NA,NA,NA,NA,NA,NA,NA,NA,NA,NA,NA,NA,NA,NA,NA,NA,NA,NA,NA,NA,N,NA,NA,NA,NA,NA,NA,NA,0,0,N,NA,NA,NA,NA,NA,NA,NA,0,0,NA,Oil,Sun,Cyclone ,Humans ,Pollution,NA,immediate,immediate,NA,NA,NA,NA,NA,NA,NA,NA,NA,NA,NA,NA,NA,NA,NA,NA,NA,NA,NA,NA,NA,NA,NA,NA,NA,NA,NA,NA,NA,NA,4,4
55-64,F,Ph. D,N,N,N,Y,N,N,N,N,N,Sailing,Sailing,About once a week,Coral reef,Seagrass,Coastal ,good,good,NA,NA,NA,NA,NA,NA,NA,NA,NA,NA,NA,NA,NA,NA,NA,NA,NA,NA,NA,NA,NA,NA,NA,NA,NA,NA,NA,NA,NA,NA,NA,NA,NA,Y,NA,NA,NA,NA,$100,$500,NA,100,500,Y,NA,NA,NA,NA,$100,$500,NA,100,500,NA,Global warming ,Ocean acidification ,Nutrient runoff,nutrients ,Disturbance ,Cyclones ,immediate,immediate,NA,NA,NA,NA,NA,NA,NA,NA,NA,NA,NA,NA,NA,NA,NA,NA,NA,NA,NA,NA,NA,NA,NA,NA,NA,NA,NA,NA,NA,NA,4,4
45-54,F,Bachelor's degree,N,Y,N,N,Y,Y,N,N,N,Rec_fish,Rec_fish,Few times a year,Coral,Reef fish ,Various fish species ,very_good,very_good,NA,NA,NA,NA,NA,NA,NA,NA,NA,NA,NA,NA,NA,NA,NA,NA,NA,NA,NA,NA,NA,NA,NA,NA,NA,NA,NA,NA,NA,NA,NA,NA,NA,Y,NA,NA,NA,NA,$100,NA,"$1,000",100,1000,N,NA,NA,NA,NA,NA,NA,NA,0,0,NA,Human destroy reef,NA,NA,Humans ,NA,NA,no_opinion,no_opinion,NA,NA,NA,NA,NA,NA,NA,NA,NA,NA,NA,NA,NA,NA,NA,NA,NA,NA,NA,NA,NA,NA,NA,NA,NA,NA,NA,NA,NA,NA,4,NA
25-34,M,Secondary Education,N,Y,N,N,Y,Y,Y,N,N,Jetski,Jetski,Once a month,Reef ,Marine park,NA,poor,very_good,NA,NA,NA,NA,NA,NA,NA,NA,NA,NA,NA,NA,NA,NA,NA,NA,NA,NA,NA,NA,NA,NA,NA,NA,NA,NA,NA,NA,NA,NA,NA,NA,NA,N,NA,NA,NA,NA,NA,NA,NA,0,0,N,NA,NA,NA,NA,NA,NA,NA,0,0,NA,Pollution ,NA,NA,Pollution ,Population ,NA,immediate,immediate,NA,NA,NA,NA,NA,NA,NA,NA,NA,NA,NA,NA,NA,NA,NA,NA,NA,NA,NA,NA,NA,NA,NA,NA,NA,NA,NA,NA,NA,NA,4,3
35-44,F,Bachelor's degree,N,N,N,Y,N,N,N,N,N,Sailing,Sailing,Few times a year,Coral bed,Sea grass,Anemone,poor,good,NA,NA,NA,NA,NA,NA,NA,NA,NA,NA,NA,NA,NA,NA,NA,NA,NA,NA,NA,NA,NA,NA,NA,NA,NA,NA,NA,NA,NA,NA,NA,NA,NA,Y,NA,NA,NA,$50,NA,$500,NA,50,500,Y,NA,NA,NA,$50,NA,$500,NA,50,500,NA,Global warming,NA,NA,Global warming,NA,NA,immediate,immediate,NA,NA,NA,NA,NA,NA,NA,NA,NA,NA,NA,NA,NA,NA,NA,NA,NA,NA,NA,NA,NA,NA,NA,NA,NA,NA,NA,NA,NA,NA,4,4
25-34,M,Bachelor's degree,N,N,N,N,N,Y,N,N,N,Boating,Boating,Few times a year,Reef,Beach,Mangrove,very_poor,good,NA,NA,NA,NA,NA,NA,NA,NA,NA,NA,NA,NA,NA,NA,NA,NA,NA,NA,NA,NA,NA,NA,NA,NA,NA,NA,NA,NA,NA,NA,NA,NA,NA,N,NA,NA,NA,NA,NA,NA,NA,0,0,N,NA,NA,NA,NA,NA,NA,NA,0,0,NA,Crown of thornes,NA,NA,Cyclone,NA,NA,far_away,far_away,NA,NA,NA,NA,NA,NA,NA,NA,NA,NA,NA,NA,NA,NA,NA,NA,NA,NA,NA,NA,NA,NA,NA,NA,NA,NA,NA,NA,NA,NA,2,2
25-34,M,Secondary Education,N,N,N,N,N,Y,Y,N,N,Jetski,Jetski,Few times a year,Trout,Fish,Coral,poor,good,NA,NA,NA,NA,NA,NA,NA,NA,NA,NA,NA,NA,NA,NA,NA,NA,NA,NA,NA,NA,NA,NA,NA,NA,NA,NA,NA,NA,NA,NA,NA,NA,NA,Y,NA,NA,$10,$50,NA,NA,NA,10,50,Y,NA,NA,NA,$50,$100,NA,NA,50,100,NA,Bad boating people ,NA,NA,Not sure,NA,NA,no_opinion,no_opinion,NA,NA,NA,NA,NA,NA,NA,NA,NA,NA,NA,NA,NA,NA,NA,NA,NA,NA,NA,NA,NA,NA,NA,NA,NA,NA,NA,NA,NA,NA,3,3
65+,M,Bachelor's degree,N,N,N,N,N,N,N,N,Y,Kayak,Kayak,Once a month, Coral reef,Mangroves,Rocky shores,good,good,4,3,4,4,3,5,3,3,5,4,3,5,4,5,3,3,4,4,3,4,5,4,5,4,5,4,2,4,3,3,4,5,4,Y,NA,$5,NA,$50,NA,NA,NA,5,50,Y,NA,NA,$10,$50,NA,NA,NA,10,50,85,Bleaching due to temperatures ,Crown of thornes,NA,Urban development ,Temperatures ,NA,immediate,far_away,4,4,3,4,4,5,5,4,3,3,4,4,3,4,4,5,4,4,3,2,5,5,4,4,3,4,3,4,3,1,3,4
25-34,M,Ph. D,Y,Y,Y,N,Y,Y,N,N,N,Rec_fish,Rec_fish,Once a month,Coral reef,Deep Inter-Reefal,Tropical Islands ,poor,good,5,5,5,5,5,5,2,5,4,5,5,5,5,5,5,5,5,3,5,4,5,5,5,5,4,5,5,3,3,2,5,5,5,Y,NA,NA,NA,NA,$100,$500,NA,100,500,N,NA,NA,NA,NA,NA,NA,NA,0,0,89,Climate change ,Cyclones ,Run off ,Cyclones ,Run off ,Trawling ,immediate,immediate,4,3,2,2,4,2,2,4,3,3,5,5,1,2,5,2,4,5,3,5,5,5,5,5,3,5,2,5,5,1,5,5
18-24,F,Ph. D,Y,Y,N,N,Y,Y,N,N,N,Scuba,Scuba,Few times a year,Coral reef,Macroalgae beds,Rubble ,poor,good,3,3,5,5,2,5,2,4,5,5,5,5,5,5,5,5,5,3,5,5,5,5,5,4,4,5,5,5,3,2,5,5,4,Y,NA,NA,$10,NA,NA,NA,"$1,000",10,1000,Y,NA,NA,$10,NA,NA,NA,"$1,000",10,1000,100,Habitat loss,Habitat fragmentation,Species extinction,Habitat loss,Habitat fragmentation,Species extinction,immediate,immediate,5,5,4,3,4,4,3,5,4,5,5,5,3,3,5,4,5,5,3,3,5,5,5,5,5,4,4,4,3,1,5,5
25-34,F,Secondary Education,N,Y,N,N,N,N,N,N,N,Rec_fish,Rec_fish,About once a week,NA,NA,NA,NA,NA,NA,NA,NA,NA,NA,NA,NA,NA,NA,NA,NA,NA,NA,NA,NA,NA,NA,NA,NA,NA,NA,NA,NA,NA,NA,NA,NA,NA,NA,NA,NA,NA,NA,NA,NA,NA,NA,NA,NA,NA,NA,0,0,NA,NA,NA,NA,NA,NA,NA,NA,0,0,NA,NA,NA,NA,NA,NA,NA,NA,NA,NA,NA,NA,NA,NA,NA,NA,NA,NA,NA,NA,NA,NA,NA,NA,NA,NA,NA,NA,NA,NA,NA,NA,NA,NA,NA,NA,NA,NA,NA,NA,NA
18-24,F,Secondary Education,N,N,N,N,N,Y,N,N,N,Boating ,Boating,Few times a year,Snorkeling ,Boating,Glass bottom boat tours,good,very_good,5,1,5,5,5,3,5,4,5,NA,2,3,4,5,5,5,NA,3,3,3,5,3,NA,NA,NA,NA,NA,NA,NA,NA,NA,NA,NA,Y,NA,NA,$10,NA,NA,NA,NA,10,10,Y,NA,NA,$10,NA,NA,NA,NA,10,10,NA,NA,NA,NA,NA,NA,NA,NA,NA,NA,NA,NA,NA,NA,NA,NA,NA,NA,NA,NA,NA,NA,NA,NA,NA,NA,NA,NA,NA,NA,NA,NA,NA,NA,NA,NA,NA,NA,NA,NA,NA
65+,M,Secondary Education,N,Y,N,N,N,N,N,N,N,Rec_fish,Rec_fish,Few times a year,Mangroves ,Corals ,Fish species ,good,very_good,4,3,5,5,4,5,5,5,5,5,5,5,3,5,5,3,4,4,5,5,4,4,5,3,5,5,3,4,4,5,5,4,4,Y,NA,NA,$10,NA,NA,NA,NA,10,10,N,NA,NA,NA,NA,NA,NA,NA,0,0,0,Crown of thorns ,Cyclones,Farming ,Farming,Cyclones,Loss of animals ,no_opinion,no_opinion,5,5,2,2,3,3,3,5,3,5,5,5,2,2,3,3,3,5,3,5,4,3,3,3,3,4,3,3,3,3,3,3
55-64,M,Diploma,Y,N,N,Y,N,Y,N,Y,N,Kite_surfing,Kite_surfing,Every day,Coral,Sea life,Endangered species ,poor,very_good,2,1,4,4,4,3,NA,1,4,5,5,3,1,1,1,NA,3,3,3,1,1,3,3,5,5,4,NA,3,3,4,NA,4,3,N,NA,NA,NA,NA,NA,NA,NA,0,0,N,NA,NA,NA,NA,NA,NA,NA,0,0,55,Starfish,Climate,Man,NA,NA,NA,NA,far_away,2,3,1,3,3,4,5,4,3,3,2,3,1,3,3,4,5,4,3,3,3,4,1,2,5,3,4,1,2,2,3,3
55-64,F,Bachelor's degree,N,Y,N,N,Y,N,N,N,N,Rec_fish,Rec_fish,Less than once a year,Corals ,Sea animals ,Sea glasses ,very_poor,good,5,3,5,5,5,5,4,5,5,5,5,5,5,5,5,5,5,3,5,5,5,5,NA,NA,NA,NA,NA,NA,NA,NA,NA,NA,NA,Y,NA,$5,NA,NA,NA,NA,NA,5,5,Y,NA,$5,NA,NA,NA,NA,NA,5,5,100,Rise in the sea level ,Rise in the water temperature ,Environment ,Rise in the sea level ,Rise in the seawater ,Environment ,immediate,immediate,4,3,4,4,2,4,3,3,3,3,NA,NA,NA,NA,NA,NA,NA,NA,NA,NA,5,5,4,5,5,NA,NA,NA,NA,NA,1,1
55-64,M,Secondary Education,N,N,N,Y,N,N,N,N,N,Sailing,Sailing,Once a year,Fish,Coral,Sea grass,good,very_good,3,2,5,4,3,4,3,3,5,5,5,4,3,4,4,3,3,3,3,4,5,4,4,3,4,4,2,3,4,5,5,5,4,N,NA,NA,NA,NA,NA,NA,NA,0,0,N,NA,NA,NA,NA,NA,NA,NA,0,0,7,Crown of thorns,Over fishing ,Storms,Run off of fertiliser ,Dredging sediment,Imported sand like the Strand in Townsville ,no_threat,no_theat,4,2,4,2,3,5,4,2,3,1,4,2,4,1,5,5,5,3,3,5,1,2,1,4,5,1,2,1,4,1,4,4
25-34,M,Bachelor's degree,N,Y,N,N,N,N,N,N,N,Rec_fish,Rec_fish,Few times a year,Snorkelling ,Fishing ,Scuba diving ,good,good,5,5,4,4,3,5,2,5,5,3,4,5,5,5,4,4,5,3,4,5,5,4,4,4,5,4,5,5,3,5,4,4,4,Y,NA,NA,NA,NA,$100,NA,"$1,000",100,1000,Y,NA,NA,NA,$50,NA,NA,"$1,000",50,1000,100,Climate change ,Over fishing ,Pollution ,Climate change ,Over fishing ,Pollution ,immediate,immediate,2,2,4,4,3,5,5,5,5,5,4,4,4,5,5,5,5,5,5,5,5,5,3,5,3,5,4,4,5,1,5,4
45-54,F,Master's degree,N,N,N,Y,N,N,N,N,N,Sailing,Sailing,Once a year,coral reef,sea grass beds,open ocean,poor,very_poor,2,NA,5,NA,1,3,NA,NA,4,NA,NA,5,5,5,3,1,5,5,1,5,1,5,5,5,5,1,1,5,5,1,5,1,5,Y,NA,NA,$10,NA,$100,NA,NA,10,100,Y,NA,NA,$10,NA,$100,NA,NA,10,100,100,Climate change,sediment and pollution runoff,overfishing and destructive fishing,climate change,sediment and pollution runoff,overfishing and destructive fishing,immediate,immediate,3,5,2,4,5,4,5,5,4,4,3,5,2,4,5,4,5,5,4,4,5,5,5,5,4,5,5,5,5,1,3,4
55-64,M,Bachelor's degree,N,N,N,Y,Y,N,N,N,N,Sailing,Sailing,Once a month,NA,NA,NA,NA,NA,NA,NA,NA,NA,NA,NA,NA,NA,NA,NA,NA,NA,NA,NA,NA,NA,NA,NA,NA,NA,NA,NA,NA,NA,NA,NA,NA,NA,NA,NA,NA,NA,NA,NA,NA,NA,NA,NA,NA,NA,NA,0,0,NA,NA,NA,NA,NA,NA,NA,NA,0,0,NA,NA,NA,NA,NA,NA,NA,NA,NA,NA,NA,NA,NA,NA,NA,NA,NA,NA,NA,NA,NA,NA,NA,NA,NA,NA,NA,NA,NA,NA,NA,NA,NA,NA,NA,NA,NA,NA,NA,NA,NA
55-64,F,Bachelor's degree,N,Y,N,Y,Y,N,N,N,N,Rec_fish,Rec_fish,Once a year,Coral ,Watercolour ,Sea animals ,good,good,5,4,5,4,4,5,5,5,5,5,5,5,5,5,5,5,5,5,5,5,5,5,NA,NA,NA,NA,NA,NA,NA,NA,NA,NA,NA,Y,NA,$5,NA,NA,NA,NA,NA,5,5,Y,NA,$5,NA,NA,NA,NA,NA,5,5,NA,NA,NA,NA,NA,NA,NA,NA,NA,NA,NA,NA,NA,NA,NA,NA,NA,NA,NA,NA,NA,NA,NA,NA,NA,NA,NA,NA,NA,NA,NA,NA,NA,NA,NA,NA,NA,NA,NA,NA,NA
55-64,F,Ph. D,N,Y,N,Y,N,N,N,N,N,Sailing ,Sailing,About once a week,NA,NA,NA,NA,NA,NA,NA,NA,NA,NA,NA,NA,NA,NA,NA,NA,NA,NA,NA,NA,NA,NA,NA,NA,NA,NA,NA,NA,NA,NA,NA,NA,NA,NA,NA,NA,NA,NA,NA,NA,NA,NA,NA,NA,NA,NA,0,0,NA,NA,NA,NA,NA,NA,NA,NA,0,0,NA,NA,NA,NA,NA,NA,NA,NA,NA,NA,NA,NA,NA,NA,NA,NA,NA,NA,NA,NA,NA,NA,NA,NA,NA,NA,NA,NA,NA,NA,NA,NA,NA,NA,NA,NA,NA,NA,NA,NA,NA
18-24,M,Secondary Education,Y,N,N,Y,Y,N,N,N,N,Sailing,Sailing,Once a year,Coral,Seagrass,mangroves,poor,good,1,2,3,4,3,1,1,2,4,3,3,4,4,5,3,4,4,2,4,5,5,5,4,4,5,3,4,4,2,4,5,5,5,Y,NA,NA,NA,$50,NA,$500,NA,50,500,Y,NA,NA,NA,$50,NA,$500,NA,50,500,60,Over fishing,Cyclones,Bleaching events,Dredging,Overfishing,Pollution,NA,NA,4,4,2,3,4,4,4,1,1,2,4,4,2,3,5,4,4,1,1,2,3,3,4,4,5,3,2,3,4,3,4,3
25-34,F,Bachelor's degree,N,Y,N,N,N,N,N,N,N,Rec_fish,Rec_fish,Few times a year,Land,Water,Sky,poor,good,3,3,5,5,3,4,3,5,5,4,4,4,4,5,5,3,3,4,2,5,5,5,5,5,5,5,3,3,4,2,5,5,5,Y,NA,NA,NA,$50,NA,NA,"$1,000",50,1000,Y,NA,NA,NA,$50,NA,NA,"$1,000",50,1000,80,Heat,Run off,Foreign soils,Walking on,Erosion,Natural disasters,immediate,immediate,3,5,3,3,5,5,5,5,3,4,4,5,2,4,5,4,5,5,3,4,5,5,5,5,5,5,5,5,5,5,4,4
35-44,F,Secondary Education,N,Y,Y,Y,Y,Y,Y,N,N,Boating,Boating,Once a month,Island,Outer reef,NA,very_good,good,NA,NA,NA,NA,NA,NA,NA,NA,NA,NA,NA,NA,NA,NA,NA,NA,NA,NA,NA,NA,NA,NA,NA,NA,NA,NA,NA,NA,NA,NA,NA,NA,NA,NA,NA,NA,NA,NA,NA,NA,NA,0,0,NA,NA,NA,NA,NA,NA,NA,NA,0,0,NA,NA,NA,NA,NA,NA,NA,NA,NA,NA,NA,NA,NA,NA,NA,NA,NA,NA,NA,NA,NA,NA,NA,NA,NA,NA,NA,NA,NA,NA,NA,NA,NA,NA,NA,NA,NA,NA,NA,NA,NA
35-44,F,Bachelor's degree,N,Y,N,N,Y,Y,N,N,N,Rec_fish,Rec_fish,Few times a year,Reef,Water,NA,poor,good,5,5,5,5,5,5,5,5,5,5,5,5,5,5,5,5,5,3,5,5,5,5,5,5,5,5,5,5,3,5,5,5,5,Y,NA,NA,NA,NA,$100,NA,NA,100,100,Y,NA,NA,NA,NA,$100,NA,NA,100,100,69,Global warming,Over fishing,Polution,Global warming ,NA,NA,immediate,immediate,3,NA,NA,NA,NA,NA,NA,NA,NA,NA,3,NA,NA,NA,NA,NA,NA,NA,NA,NA,NA,NA,NA,NA,NA,NA,NA,NA,NA,NA,1,1
35-44,M,Master's degree,N,N,N,Y,N,N,N,N,N,Sailing,Sailing,Once a month,Grass,Coral,Sand,good,good,5,1,4,5,5,4,4,4,5,2,3,5,5,5,5,5,5,5,5,5,5,4,4,4,5,5,5,5,5,5,5,5,4,Y,NA,NA,NA,NA,NA,NA,NA,0,0,NA,NA,NA,NA,NA,NA,NA,NA,0,0,NA,NA,NA,NA,NA,NA,NA,NA,NA,NA,NA,NA,NA,NA,NA,NA,NA,NA,NA,NA,NA,NA,NA,NA,NA,NA,NA,NA,NA,NA,NA,NA,NA,NA,NA,NA,NA,NA,NA,NA,NA
65+,M,Secondary Education,N,N,N,Y,N,N,N,N,N,Sailing,Sailing,Less than once a year,NA,NA,NA,NA,NA,NA,NA,NA,NA,NA,NA,NA,NA,NA,NA,NA,NA,NA,NA,NA,NA,NA,NA,NA,NA,NA,NA,NA,NA,NA,NA,NA,NA,NA,NA,NA,NA,NA,NA,NA,NA,NA,NA,NA,NA,NA,0,0,NA,NA,NA,NA,NA,NA,NA,NA,0,0,NA,NA,NA,NA,NA,NA,NA,NA,NA,NA,NA,NA,NA,NA,NA,NA,NA,NA,NA,NA,NA,NA,NA,NA,NA,NA,NA,NA,NA,NA,NA,NA,NA,NA,NA,NA,NA,NA,NA,NA,NA
25-34,F,Bachelor's degree,N,N,N,Y,N,N,N,N,N,Sailing,Sailing,About once a week,NA,NA,NA,NA,NA,NA,NA,NA,NA,NA,NA,NA,NA,NA,NA,NA,NA,NA,NA,NA,NA,NA,NA,NA,NA,NA,NA,NA,NA,NA,NA,NA,NA,NA,NA,NA,NA,NA,NA,NA,NA,NA,NA,NA,NA,NA,0,0,NA,NA,NA,NA,NA,NA,NA,NA,0,0,NA,NA,NA,NA,NA,NA,NA,NA,NA,NA,NA,NA,NA,NA,NA,NA,NA,NA,NA,NA,NA,NA,NA,NA,NA,NA,NA,NA,NA,NA,NA,NA,NA,NA,NA,NA,NA,NA,NA,NA,NA
45-54,F,Bachelor's degree,N,Y,N,Y,Y,Y,N,N,N,Boating,Boating,Once a month,mangroves,reef,seagrass,poor,good,NA,NA,NA,NA,NA,NA,NA,NA,NA,NA,NA,NA,NA,NA,NA,NA,NA,NA,NA,NA,NA,NA,NA,NA,NA,NA,NA,NA,NA,NA,NA,NA,NA,NA,NA,NA,NA,NA,NA,NA,NA,0,0,NA,NA,NA,NA,NA,NA,NA,NA,0,0,NA,NA,NA,NA,NA,NA,NA,NA,NA,NA,NA,NA,NA,NA,NA,NA,NA,NA,NA,NA,NA,NA,NA,NA,NA,NA,NA,NA,NA,NA,NA,NA,NA,NA,NA,NA,NA,NA,NA,NA,NA
25-34,M,Secondary Education,N,Y,Y,N,Y,N,N,N,N,Spearfishing ,Spearfishing,Once a month,Coral reef,Sand cays,John brewer reef,very_poor,very_good,5,4,4,5,3,3,3,3,4,4,3,5,3,4,3,3,3,4,3,5,5,4,NA,NA,NA,NA,NA,NA,NA,NA,NA,NA,NA,Y,NA,NA,NA,$50,NA,NA,NA,50,50,Y,NA,NA,NA,$50,NA,NA,NA,50,50,60,Coral bleaching ,Crown of thrones ,Natural environmental impacts cyclones etc ,Natural environmental weather ,.,.,far_away,far_away,3,3,4,3,4,3,4,4,2,4,4,3,3,3,5,3,4,4,2,4,4,5,4,3,5,4,5,5,4,2,4,2
18-24,F,Bachelor's degree,N,Y,Y,N,Y,N,Y,N,N,Spearfishing ,Spearfishing,Once a month,Coral ,Fish ,Sharks ,good,good,4,2,5,4,3,5,5,5,5,5,5,NA,NA,NA,NA,NA,NA,NA,NA,NA,NA,NA,NA,NA,NA,NA,NA,NA,NA,NA,NA,NA,NA,Y,NA,NA,NA,$50,NA,NA,"$1,000",50,1000,Y,NA,NA,NA,$50,NA,NA,"$1,000",50,1000,100,Litter,NA,NA,Litter,NA,NA,immediate,immediate,5,5,3,3,5,4,4,5,5,4,5,5,3,3,5,4,4,5,5,4,5,5,3,5,3,5,5,5,5,3,4,3
35-44,M,Secondary Education,N,Y,N,N,N,Y,N,N,N,Rec_fish,Rec_fish,Once a month,Reef ,Rock,Sand,good,good,NA,NA,NA,NA,NA,NA,NA,NA,NA,NA,NA,NA,NA,NA,NA,NA,NA,NA,NA,NA,NA,NA,NA,NA,NA,NA,NA,NA,NA,NA,NA,NA,NA,Y,NA,$5,NA,$50,NA,NA,NA,5,50,Y,NA,NA,NA,$50,$100,NA,NA,50,100,NA,Pollution ,Warming ,Damage ,Pollution ,Warming ,Damage ,immediate,immediate,NA,NA,NA,NA,NA,NA,NA,NA,NA,NA,NA,NA,NA,NA,NA,NA,NA,NA,NA,NA,NA,NA,NA,NA,NA,NA,NA,NA,NA,NA,5,5
35-44,M,Secondary Education,N,Y,N,N,N,Y,N,N,N,Boating,Boating,About once a week,Bommies,Seagrass,Mangroves,very_good,very_good,NA,NA,NA,NA,NA,NA,NA,NA,NA,NA,NA,NA,NA,NA,NA,NA,NA,NA,NA,NA,NA,NA,NA,NA,NA,NA,NA,NA,NA,NA,NA,NA,NA,Y,$1,NA,NA,$50,NA,NA,NA,1,50,Y,$1,NA,NA,$50,NA,NA,NA,1,50,NA,Coral bleeching ,Starfish ,Over fishing,Pollution ,Boating ,Rubbish,immediate,immediate,NA,NA,NA,NA,NA,NA,NA,NA,NA,NA,NA,NA,NA,NA,NA,NA,NA,NA,NA,NA,NA,NA,NA,NA,NA,NA,NA,NA,NA,NA,3,4
65+,M,Diploma,Y,N,N,N,Y,N,N,N,N,Scuba,Scuba,About once a week,Turtles,Fish types,Reef,poor,very_good,5,5,5,5,5,1,1,5,5,3,3,NA,NA,NA,NA,NA,NA,NA,NA,NA,NA,NA,NA,NA,NA,NA,NA,NA,NA,NA,NA,NA,NA,Y,NA,$5,NA,NA,NA,NA,"$1,000",5,1000,Y,NA,$5,NA,NA,NA,NA,"$1,000",5,1000,NA,Fish,Reef,Turtles,Floods,Chemicals,Over eating,no_threat,no_threat,NA,NA,NA,NA,NA,NA,NA,NA,NA,NA,NA,NA,NA,NA,NA,NA,NA,NA,NA,NA,NA,NA,NA,NA,NA,NA,NA,NA,NA,NA,4,4
45-54,F,Master's degree,N,Y,N,N,N,N,N,N,N,Rec_fish,Rec_fish,Once a month,Reef,Fish,Coral,very_good,very_good,NA,NA,NA,NA,NA,NA,NA,NA,NA,NA,NA,NA,NA,NA,NA,NA,NA,NA,NA,NA,NA,NA,NA,NA,NA,NA,NA,NA,NA,NA,NA,NA,NA,N,NA,NA,NA,NA,NA,NA,NA,0,0,N,NA,NA,NA,NA,NA,NA,NA,0,0,NA,Global warming,NA,NA,Global warming,NA,NA,immediate,immediate,NA,NA,NA,NA,NA,NA,NA,NA,NA,NA,NA,NA,NA,NA,NA,NA,NA,NA,NA,NA,NA,NA,NA,NA,NA,NA,NA,NA,NA,NA,4,4
45-54,F,Secondary Education,N,Y,N,N,Y,Y,Y,N,N,NA,NA,Once a month,Reef,Marine life,Birds,good,good,NA,NA,NA,NA,NA,NA,NA,NA,NA,NA,NA,NA,NA,NA,NA,NA,NA,NA,NA,NA,NA,NA,NA,NA,NA,NA,NA,NA,NA,NA,NA,NA,NA,Y,NA,NA,NA,NA,$100,$500,NA,100,500,Y,NA,NA,NA,NA,$100,$500,NA,100,500,NA,Crown of thorns,Sedimentation,Climate control ,Pollution,NA,NA,no_opinion,no_opinion,NA,NA,NA,NA,NA,NA,NA,NA,NA,NA,NA,NA,NA,NA,NA,NA,NA,NA,NA,NA,NA,NA,NA,NA,NA,NA,NA,NA,NA,NA,4,4
65+,F,Bachelor's degree,N,Y,N,Y,Y,N,N,N,N,Snorkeling_freediving,Snorkeling_freediving,Few times a year,Coral,Invertebrates,Fish,poor,good,1,2,5,5,4,5,5,4,5,5,5,1,3,5,5,4,5,5,4,5,5,5,1,4,5,5,4,5,5,4,5,5,5,Y,NA,NA,NA,$50,NA,$500,NA,50,500,Y,NA,NA,NA,$50,NA,$500,NA,50,500,100,Sea temperature rise,Water quality ,Recreational activities,Sea temperature rise ,Recreational activities,Water quality,immediate,immediate,5,4,3,3,5,2,4,5,4,5,5,4,3,2,5,4,5,5,3,5,5,5,5,5,5,5,3,5,5,1,3,3
35-44,M,Bachelor's degree,N,Y,Y,N,Y,N,N,N,N,Rec_fish,Rec_fish,Few times a year,Coral reefs,Islands/cays,Lagoon areas,poor,very_good,5,5,5,4,3,4,5,2,5,3,5,5,5,5,4,4,5,3,5,5,4,5,5,5,5,5,3,5,5,5,5,4,5,Y,NA,NA,NA,NA,$100,NA,"$1,000",100,1000,Y,NA,NA,NA,NA,$100,NA,NA,100,100,80,"Climate change( increased water temperatures, cyclones, ocean acidification etc.)",Crown of thorns starfish.,Overfishing.,Habitat damage,Pesticides/chemical run off,Sedimentation,immediate,immediate,3,2,4,2,3,3,3,4,3,4,4,4,4,2,5,3,5,5,4,4,5,5,4,5,4,5,5,5,5,3,5,5
65+,M,Diploma,N,N,N,Y,N,N,N,N,N,Sailing,Sailing,Once a month,NA,NA,NA,NA,NA,NA,NA,NA,NA,NA,NA,NA,NA,NA,NA,NA,NA,NA,NA,NA,NA,NA,NA,NA,NA,NA,NA,NA,NA,NA,NA,NA,NA,NA,NA,NA,NA,NA,NA,NA,NA,NA,NA,NA,NA,NA,0,0,NA,NA,NA,NA,NA,NA,NA,NA,0,0,NA,NA,NA,NA,NA,NA,NA,NA,NA,NA,NA,NA,NA,NA,NA,NA,NA,NA,NA,NA,NA,NA,NA,NA,NA,NA,NA,NA,NA,NA,NA,NA,NA,NA,NA,NA,NA,NA,NA,NA,NA
18-24,M,Secondary Education,N,Y,N,N,N,Y,N,N,N,Rec_fish,Rec_fish,Once a year,Coral reef,Kelp field ,Sand flats,very_poor,good,NA,NA,NA,NA,NA,NA,NA,NA,NA,NA,NA,NA,NA,NA,NA,NA,NA,NA,NA,NA,NA,NA,NA,NA,NA,NA,NA,NA,NA,NA,NA,NA,NA,NA,NA,NA,NA,NA,NA,NA,NA,0,0,NA,NA,NA,NA,NA,NA,NA,NA,0,0,NA,NA,NA,NA,NA,NA,NA,NA,NA,NA,NA,NA,NA,NA,NA,NA,NA,NA,NA,NA,NA,NA,NA,NA,NA,NA,NA,NA,NA,NA,NA,NA,NA,NA,NA,NA,NA,NA,NA,NA,NA
35-44,M,Diploma,N,N,Y,N,N,N,N,N,N,Spearfishing ,Spearfishing,Once a month,Reef,Sand,Inshore,very_poor,very_good,3,3,5,NA,2,5,NA,5,5,3,4,NA,NA,NA,NA,NA,NA,NA,NA,NA,NA,NA,NA,NA,NA,NA,NA,NA,NA,NA,NA,NA,NA,NA,NA,NA,NA,NA,NA,NA,NA,0,0,NA,NA,NA,NA,NA,NA,NA,NA,0,0,NA,NA,NA,NA,NA,NA,NA,NA,NA,NA,NA,NA,NA,NA,NA,NA,NA,NA,NA,NA,NA,NA,NA,NA,NA,NA,NA,NA,NA,NA,NA,NA,NA,NA,NA,NA,NA,NA,NA,NA,NA
45-54,M,Diploma,Y,Y,N,N,Y,Y,N,N,N,Boating ,Boating,Few times a year,Reef,Grass beds,Mangrove ,good,good,3,NA,1,2,NA,NA,NA,4,NA,NA,5,5,5,5,5,3,3,1,5,5,4,5,5,5,5,5,3,3,2,5,5,4,5,Y,NA,$5,$10,NA,NA,NA,NA,5,10,Y,NA,$5,$10,NA,NA,NA,NA,5,10,48,Anchor ,Comical fishing ,Climate ,Sediment ,Development ,Removal of our natural filters,far_away,immediate,3,3,1,2,4,5,5,3,1,2,5,5,1,1,5,5,5,5,1,4,4,4,2,3,4,2,3,1,5,1,4,4
25-34,M,Other,N,Y,Y,N,Y,Y,N,N,N,Spearfishing ,Spearfishing,About once a week,Hard corals,Sandy lagoons,Shoalie ground,poor,very_good,NA,NA,NA,NA,NA,NA,NA,NA,NA,NA,NA,NA,NA,NA,NA,NA,NA,NA,NA,NA,NA,NA,NA,NA,NA,NA,NA,NA,NA,NA,NA,NA,NA,NA,NA,NA,NA,NA,NA,NA,NA,0,0,NA,NA,NA,NA,NA,NA,NA,NA,0,0,NA,NA,NA,NA,NA,NA,NA,NA,NA,NA,NA,NA,NA,NA,NA,NA,NA,NA,NA,NA,NA,NA,NA,NA,NA,NA,NA,NA,NA,NA,NA,NA,NA,NA,NA,NA,NA,NA,NA,NA,NA
18-24,M,Bachelor's degree,N,N,Y,N,N,N,N,N,N,Spearfishing ,Spearfishing,About once a week,Coral,Sediment ,Pelagic,very_poor,poor,NA,NA,NA,NA,NA,NA,NA,NA,NA,NA,NA,NA,NA,NA,NA,NA,NA,NA,NA,NA,NA,NA,NA,NA,NA,NA,NA,NA,NA,NA,NA,NA,NA,NA,NA,NA,NA,NA,NA,NA,NA,0,0,NA,NA,NA,NA,NA,NA,NA,NA,0,0,NA,NA,NA,NA,NA,NA,NA,NA,NA,NA,NA,NA,NA,NA,NA,NA,NA,NA,NA,NA,NA,NA,NA,NA,NA,NA,NA,NA,NA,NA,NA,NA,NA,NA,NA,NA,NA,NA,NA,NA,NA
18-24,M,Secondary Education,N,Y,Y,N,Y,Y,N,N,N,Spearfishing ,Spearfishing,Once a month,Reef drop offs ,Reef lagoon ,Reef Flats ,very_poor,very_poor,4,2,5,4,4,5,4,3,5,5,5,5,5,5,5,5,5,5,5,5,5,5,5,5,5,5,5,5,5,5,5,5,NA,Y,NA,NA,NA,NA,NA,NA,"$1,000",1000,1000,Y,NA,NA,NA,NA,NA,NA,"$1,000",1000,1000,NA,NA,NA,NA,NA,NA,NA,NA,NA,NA,NA,NA,NA,NA,NA,NA,NA,NA,NA,NA,NA,NA,NA,NA,NA,NA,NA,NA,NA,NA,NA,NA,NA,NA,NA,NA,NA,NA,NA,NA,NA
35-44,M,Master's degree,N,N,Y,N,N,N,N,N,N,Spearfishing ,Spearfishing,Few times a year,Corals ,"Pelagic species, ","Remote islands, rock ground",poor,very_good,4,4,5,4,2,4,3,4,4,4,4,5,3,5,3,3,5,2,5,5,4,3,NA,3,5,3,3,5,2,5,5,4,3,N,NA,NA,NA,NA,NA,NA,NA,0,0,N,NA,NA,NA,NA,NA,NA,NA,0,0,100,Commercial Overfishing ,Global heat,Ocean trash,Commercial net fishing ,Global heat,Ocean trash,immediate,immediate,5,3,2,1,5,5,5,3,2,4,5,3,2,1,5,5,5,3,2,4,5,4,4,5,2,5,4,4,5,2,4,3
NA,M,Secondary Education,N,Y,Y,N,Y,Y,N,N,N,Rec_fish,Rec_fish,Few times a year,Coastal reef,Bommies,Seafloor sediment,poor,very_good,5,5,5,5,5,1,5,5,5,5,5,5,5,5,5,5,1,5,5,5,5,5,5,5,5,5,5,1,5,5,5,5,5,N,NA,NA,NA,NA,NA,NA,NA,0,0,N,NA,NA,NA,NA,NA,NA,NA,0,0,10,Boats,Water pollution,Natural disasters,Boats,Pollution,Natural disasters ,no_threat,no_threat,3,2,2,2,4,3,5,1,1,1,3,2,2,2,5,3,5,1,1,1,1,1,1,1,1,1,1,1,1,1,4,4
25-34,M,Diploma,Y,Y,Y,Y,Y,N,N,N,N,Spearfishing ,Spearfishing,Once a month,Nudie branches ,Coral trout ,Tuskfish ,very_poor,very_good,5,4,5,5,3,5,4,5,5,5,4,4,3,5,5,3,5,4,5,5,5,5,5,5,5,5,3,5,4,5,5,5,5,Y,NA,NA,NA,NA,$100,NA,"$1,000",100,1000,Y,NA,NA,NA,NA,$100,NA,"$1,000",100,1000,47,Human trash,Storms,Sun bleaching,Human trash,Over fishing,Storms,no_opinion,no_opinion,5,4,2,3,5,5,5,3,4,4,4,4,2,3,5,5,5,3,4,4,3,4,5,4,5,3,4,5,4,5,4,4
45-54,F,Diploma,N,N,N,N,Y,N,N,N,N,Snorkeling_freediving,Snorkeling_freediving,Few times a year,Mangroves,Reef,Island reef,very_poor,good,5,3,5,3,3,5,4,5,5,4,4,5,5,4,4,3,4,3,4,4,2,5,3,5,4,5,NA,4,3,2,5,3,3,Y,NA,NA,NA,$50,$100,NA,NA,50,100,Y,NA,NA,NA,$50,$100,NA,NA,50,100,93,Climate change,Rising sea levels,Heating up of the ocean,Change of water temperature,Rising sea levels,Destruction of habitat,immediate,immediate,5,4,2,2,5,4,5,4,5,4,NA,NA,NA,NA,NA,NA,NA,NA,NA,NA,5,5,3,3,3,4,4,3,5,3,4,4
